{
    "BLEU": {
        "score": 4.453049304576361,
        "counts": [
            182,
            53,
            19,
            6
        ],
        "totals": [
            756,
            736,
            718,
            700
        ],
        "precisions": [
            24.074074074074073,
            7.201086956521739,
            2.6462395543175488,
            0.8571428571428571
        ],
        "bp": 1.0,
        "sys_len": 756,
        "ref_len": 681
    },
    "ROUGE-L": 0.2662436217662182,
    "BERTScore": {
        "precision": 0.8805429816246033,
        "recall": 0.8748761981725692,
        "f1": 0.8772631168365479
    }
}