{
    "BLEU": {
        "score": 3.9559882262320634,
        "counts": [
            174,
            44,
            16,
            7
        ],
        "totals": [
            798,
            778,
            760,
            742
        ],
        "precisions": [
            21.804511278195488,
            5.655526992287918,
            2.1052631578947367,
            0.9433962264150944
        ],
        "bp": 1.0,
        "sys_len": 798,
        "ref_len": 681
    },
    "ROUGE-L": 0.305499099714312,
    "BERTScore": {
        "precision": 0.8872222781181336,
        "recall": 0.8843745321035386,
        "f1": 0.8852337300777435
    }
}